{
  "target": "tasks_completed",
  "holdout_mode": "family",
  "held_out_results": [
    {
      "held_out_scenario": "lab",
      "holdout_label": "lab",
      "train_n": 1440,
      "test_n": 2880,
      "global_baseline_pred": 2.9611111111111112,
      "baseline_mae": 1.2360030864197529,
      "oracle_per_scenario_baseline_mae": 0.10528838734567893,
      "admissible_per_scenario_train_mae": 1.2360030864197529,
      "regime_train_mean_baseline_mae": 1.2360416666666665,
      "agent_count_train_mean_baseline_mae": 1.23599537037037,
      "num_tasks_held_out": 4,
      "feat_baseline_mae": 1.2360030864197529,
      "prior_model_mae": 0.4473958333333333,
      "regression_mae": null,
      "stump_mae": 4.194444444444445,
      "actuals_mean": 4.194444444444445,
      "test_collapse_rate": 0.0,
      "train_collapse_rate": 0.0,
      "regression_pi_coverage_95": null
    },
    {
      "held_out_scenario": "traffic",
      "holdout_label": "traffic",
      "train_n": 3600,
      "test_n": 720,
      "global_baseline_pred": 3.9477777777777776,
      "baseline_mae": 0.9866666666666665,
      "oracle_per_scenario_baseline_mae": 0.07475308641975296,
      "admissible_per_scenario_train_mae": 0.9866666666666665,
      "regime_train_mean_baseline_mae": 0.9866666666666666,
      "agent_count_train_mean_baseline_mae": 0.9866666666666668,
      "num_tasks_held_out": 3,
      "feat_baseline_mae": 0.07475308641975296,
      "prior_model_mae": 0.31555555555555537,
      "regression_mae": 0.07744290123456779,
      "stump_mae": 0.7385416666666665,
      "actuals_mean": 2.9611111111111112,
      "test_collapse_rate": 0.0,
      "train_collapse_rate": 0.0,
      "regression_pi_coverage_95": 0.9611111111111111
    },
    {
      "held_out_scenario": "warehouse",
      "holdout_label": "warehouse",
      "train_n": 3600,
      "test_n": 720,
      "global_baseline_pred": 3.9477777777777776,
      "baseline_mae": 0.9866666666666665,
      "oracle_per_scenario_baseline_mae": 0.07475308641975296,
      "admissible_per_scenario_train_mae": 0.9866666666666665,
      "regime_train_mean_baseline_mae": 0.9866666666666666,
      "agent_count_train_mean_baseline_mae": 0.9866666666666668,
      "num_tasks_held_out": 3,
      "feat_baseline_mae": 0.07475308641975296,
      "prior_model_mae": 0.31555555555555537,
      "regression_mae": 0.07744290123456779,
      "stump_mae": 0.7385416666666665,
      "actuals_mean": 2.9611111111111112,
      "test_collapse_rate": 0.0,
      "train_collapse_rate": 0.0,
      "regression_pi_coverage_95": 0.9611111111111111
    }
  ],
  "overall_baseline_mae": 1.069778806584362,
  "overall_oracle_per_scenario_baseline_mae": 0.08493152006172829,
  "overall_admissible_per_scenario_train_mae": 1.069778806584362,
  "overall_regime_train_mean_baseline_mae": 1.0697916666666665,
  "overall_agent_count_train_mean_baseline_mae": 1.0697762345679012,
  "overall_feat_baseline_mae": 0.46183641975308626,
  "overall_regression_mae": 0.07744290123456779,
  "overall_prior_model_mae": 0.35950231481481465,
  "overall_stump_mae": 1.8905092592592592,
  "admissible_baselines": {
    "global_mean_mae": 1.069778806584362,
    "per_scenario_train_only_mae": 1.069778806584362,
    "num_tasks_bucket_mae": 0.46183641975308626,
    "regime_train_mean_mae": 1.0697916666666665,
    "agent_count_train_mean_mae": 1.0697762345679012,
    "regression_mae": 0.07744290123456779,
    "stump_mae": 1.8905092592592592
  },
  "oracle_baselines": {
    "per_scenario_mean_including_test_mae": 0.08493152006172829
  },
  "regression_skipped_reason": null,
  "overall_collapse_rate": 0.0,
  "overall_baseline_mae_ci95_lower": 0.9367716815546472,
  "overall_baseline_mae_ci95_upper": 1.202785931614077,
  "overall_feat_baseline_mae_ci95_lower": -0.15762592792043056,
  "overall_feat_baseline_mae_ci95_upper": 1.081298767426603,
  "overall_regression_mae_ci95_lower": 0.07744290123456779,
  "overall_regression_mae_ci95_upper": 0.07744290123456779,
  "mean_regression_pi_coverage_95": 0.9611111111111111,
  "scaling_fit": {
    "scaling_exponent": 1.0025393402138,
    "scaling_r2": 0.8634413328692845,
    "n_used": 4320
  },
  "feature_ablation": [
    {
      "features": [
        "num_tasks"
      ],
      "mae": 0.0774
    },
    {
      "features": [
        "num_faults"
      ],
      "mae": 0.9867
    },
    {
      "features": [
        "num_tasks",
        "num_faults",
        "tool_density",
        "agent_count",
        "regime_id",
        "hierarchy_depth",
        "fan_out",
        "queue_contention_index",
        "shared_state_contention"
      ],
      "mae": 0.0774
    }
  ],
  "success_criteria_met": {
    "beat_global_mean_out_of_sample": true,
    "beat_feature_baseline_out_of_sample": true,
    "beat_regime_baseline_out_of_sample": true,
    "beat_agent_count_baseline_out_of_sample": true,
    "beat_oracle_per_scenario_baseline": true,
    "trigger_met": true,
    "negative_result": false,
    "legacy_beat_baseline_out_of_sample": true
  },
  "run_manifest": {
    "scenario_ids": [
      "lab_profile_v0",
      "regime_stress_v0",
      "regime_stress_v1",
      "rep_cps_scheduling_v0",
      "traffic_v0",
      "warehouse_v0"
    ],
    "held_out_labels": [
      "lab",
      "traffic",
      "warehouse"
    ],
    "held_out_scenarios": [
      "lab",
      "traffic",
      "warehouse"
    ],
    "train_n_total": 8640,
    "test_n_total": 4320,
    "script": "scaling_heldout_eval.py",
    "runs_dir": "C:\\Users\\mateo\\labtrust-portfolio\\datasets\\runs\\multiscenario_runs",
    "holdout_mode": "family",
    "seeds": [
      1,
      2,
      3,
      4,
      5,
      6,
      7,
      8,
      9,
      10,
      11,
      12,
      13,
      14,
      15,
      16,
      17,
      18,
      19,
      20,
      21,
      22,
      23,
      24,
      25,
      26,
      27,
      28,
      29,
      30
    ],
    "coordination_regimes": [
      "centralized",
      "decentralized",
      "hierarchical"
    ],
    "agent_counts": [
      1,
      4
    ],
    "fault_setting_labels": [
      "calibration_invalid_01",
      "delay_01",
      "drop_005",
      "no_drop"
    ],
    "commit": "efa2bc12c94796d51232ceb7b6356683271b904f"
  },
  "runs_dir": "C:\\Users\\mateo\\labtrust-portfolio\\datasets\\runs\\multiscenario_runs",
  "total_rows": 4320,
  "scenario_ids": [
    "lab_profile_v0",
    "regime_stress_v0",
    "regime_stress_v1",
    "rep_cps_scheduling_v0",
    "traffic_v0",
    "warehouse_v0"
  ],
  "secondary_targets": {
    "coordination_tax_proxy": {
      "overall_baseline_mae": 4.372467206790124,
      "overall_regression_mae": 4.370833333333334,
      "overall_feat_baseline_mae": 4.372467206790124,
      "mean_regression_pi_coverage_95": 0.9972222222222222,
      "scaling_fit": {
        "scaling_exponent": 0.015674372436663697,
        "scaling_r2": 8.990035618494652e-06,
        "n_used": 4320
      },
      "success_criteria_met": {
        "beat_global_mean_out_of_sample": true,
        "beat_feature_baseline_out_of_sample": true,
        "beat_regime_baseline_out_of_sample": true,
        "beat_agent_count_baseline_out_of_sample": false,
        "beat_oracle_per_scenario_baseline": true,
        "trigger_met": true,
        "negative_result": false,
        "legacy_beat_baseline_out_of_sample": true
      }
    },
    "error_amplification_proxy": {
      "overall_baseline_mae": 5.752333578957802,
      "overall_regression_mae": 6.232742478880318,
      "overall_feat_baseline_mae": 5.962326364490964,
      "mean_regression_pi_coverage_95": 0.9055555555555556,
      "scaling_fit": {
        "scaling_exponent": -0.35972531456658724,
        "scaling_r2": 0.010174404827340777,
        "n_used": 4320
      },
      "success_criteria_met": {
        "beat_global_mean_out_of_sample": false,
        "beat_feature_baseline_out_of_sample": false,
        "beat_regime_baseline_out_of_sample": false,
        "beat_agent_count_baseline_out_of_sample": false,