{
  "target": "tasks_completed",
  "holdout_mode": "family",
  "held_out_results": [
    {
      "held_out_scenario": "lab",
      "holdout_label": "lab",
      "train_n": 2400,
      "test_n": 4800,
      "global_baseline_pred": 2.91,
      "baseline_mae": 1.2366291666666667,
      "oracle_per_scenario_baseline_mae": 0.22068229166666664,
      "admissible_per_scenario_train_mae": 1.2366291666666667,
      "regime_train_mean_baseline_mae": 1.2365833333333334,
      "agent_count_train_mean_baseline_mae": 1.2365597222222222,
      "num_tasks_held_out": 5,
      "feat_baseline_mae": 1.2366291666666667,
      "prior_model_mae": 0.46239583333333334,
      "regression_mae": 1.2381281312933734,
      "stump_mae": 4.126041666666667,
      "actuals_mean": 4.126041666666667,
      "test_collapse_rate": 0.000625,
      "train_collapse_rate": 0.0075,
      "regression_pi_coverage_95": 0.07020833333333333
    },
    {
      "held_out_scenario": "traffic",
      "holdout_label": "traffic",
      "train_n": 6000,
      "test_n": 1200,
      "global_baseline_pred": 3.882833333333333,
      "baseline_mae": 0.9728333333333332,
      "oracle_per_scenario_baseline_mae": 0.16514999999999988,
      "admissible_per_scenario_train_mae": 0.9728333333333332,
      "regime_train_mean_baseline_mae": 0.9728333333333332,
      "agent_count_train_mean_baseline_mae": 0.9728333333333334,
      "num_tasks_held_out": 3,
      "feat_baseline_mae": 0.16514999999999988,
      "prior_model_mae": 0.3404999999999998,
      "regression_mae": 0.15875575165430084,
      "stump_mae": 0.7300000000000001,
      "actuals_mean": 2.91,
      "test_collapse_rate": 0.0075,
      "train_collapse_rate": 0.002,
      "regression_pi_coverage_95": 0.9175
    },
    {
      "held_out_scenario": "warehouse",
      "holdout_label": "warehouse",
      "train_n": 6000,
      "test_n": 1200,
      "global_baseline_pred": 3.882833333333333,
      "baseline_mae": 0.9728333333333332,
      "oracle_per_scenario_baseline_mae": 0.16514999999999988,
      "admissible_per_scenario_train_mae": 0.9728333333333332,
      "regime_train_mean_baseline_mae": 0.9728333333333332,
      "agent_count_train_mean_baseline_mae": 0.9728333333333334,
      "num_tasks_held_out": 3,
      "feat_baseline_mae": 0.16514999999999988,
      "prior_model_mae": 0.3404999999999998,
      "regression_mae": 0.15875575165430084,
      "stump_mae": 0.7300000000000001,
      "actuals_mean": 2.91,
      "test_collapse_rate": 0.0075,
      "train_collapse_rate": 0.002,
      "regression_pi_coverage_95": 0.9175
    }
  ],
  "overall_baseline_mae": 1.0607652777777776,
  "overall_oracle_per_scenario_baseline_mae": 0.18366076388888883,
  "overall_admissible_per_scenario_train_mae": 1.0607652777777776,
  "overall_regime_train_mean_baseline_mae": 1.0607499999999999,
  "overall_agent_count_train_mean_baseline_mae": 1.0607421296296298,
  "overall_feat_baseline_mae": 0.5223097222222222,
  "overall_regression_mae": 0.5185465448673251,
  "overall_prior_model_mae": 0.3811319444444443,
  "overall_stump_mae": 1.8620138888888889,
  "admissible_baselines": {
    "global_mean_mae": 1.0607652777777776,
    "per_scenario_train_only_mae": 1.0607652777777776,
    "num_tasks_bucket_mae": 0.5223097222222222,
    "regime_train_mean_mae": 1.0607499999999999,
    "agent_count_train_mean_mae": 1.0607421296296298,
    "regression_mae": 0.5185465448673251,
    "stump_mae": 1.8620138888888889
  },
  "oracle_baselines": {
    "per_scenario_mean_including_test_mae": 0.18366076388888883
  },
  "regression_skipped_reason": null,
  "overall_collapse_rate": 0.005208333333333333,
  "overall_baseline_mae_ci95_lower": 0.9200448590710749,
  "overall_baseline_mae_ci95_upper": 1.2014856964844802,
  "overall_feat_baseline_mae_ci95_lower": -0.04926487417527792,
  "overall_feat_baseline_mae_ci95_upper": 1.0938843186197222,
  "overall_regression_mae_ci95_lower": -0.05723864204778406,
  "overall_regression_mae_ci95_upper": 1.0943317317824341,
  "mean_regression_pi_coverage_95": 0.6350694444444445,
  "scaling_fit": {
    "scaling_exponent": 1.0095802474446356,
    "scaling_r2": 0.6856735234110645,
    "n_used": 7200
  },
  "feature_ablation": [
    {
      "features": [
        "num_tasks"
      ],
      "mae": 0.1645
    },
    {
      "features": [
        "num_faults"
      ],
      "mae": 0.9728
    },
    {
      "features": [
        "num_tasks",
        "num_faults",
        "tool_density",
        "agent_count",
        "regime_id",
        "hierarchy_depth",
        "fan_out",
        "queue_contention_index",
        "shared_state_contention"
      ],
      "mae": 0.5185
    }
  ],
  "success_criteria_met": {
    "beat_global_mean_out_of_sample": true,
    "beat_feature_baseline_out_of_sample": true,
    "beat_regime_baseline_out_of_sample": true,
    "beat_agent_count_baseline_out_of_sample": true,
    "beat_oracle_per_scenario_baseline": false,
    "trigger_met": true,
    "negative_result": false,
    "regression_protocol_valid": true,
    "regression_missing_fold_labels": [],
    "legacy_beat_baseline_out_of_sample": true
  },
  "run_manifest": {
    "scenario_ids": [
      "lab_profile_v0",
      "regime_stress_v0",
      "regime_stress_v1",
      "rep_cps_scheduling_v0",
      "traffic_v0",
      "warehouse_v0"
    ],
    "held_out_labels": [
      "lab",
      "traffic",
      "warehouse"
    ],
    "held_out_scenarios": [
      "lab",
      "traffic",
      "warehouse"
    ],
    "train_n_total": 14400,
    "test_n_total": 7200,
    "script": "scaling_heldout_eval.py",
    "runs_dir": "C:\\Users\\mateo\\labtrust-portfolio\\datasets\\runs\\multiscenario_runs",
    "holdout_mode": "family",
    "seeds": [
      1,
      2,
      3,
      4,
      5,
      6,
      7,
      8,
      9,
      10,
      11,
      12,
      13,
      14,
      15,
      16,
      17,
      18,
      19,
      20,
      21,
      22,
      23,
      24,
      25,
      26,
      27,
      28,
      29,
      30
    ],
    "coordination_regimes": [
      "blackboard",
      "centralized",
      "decentralized",
      "hierarchical",
      "market"
    ],
    "agent_counts": [
      1,
      2,
      4,
      8
    ],
    "fault_setting_labels": [
      "drop_005",
      "no_drop"
    ],
    "commit": "5b280e800ff309c215bbe52f7854805176a632bc"
  },
  "runs_dir": "C:\\Users\\mateo\\labtrust-portfolio\\datasets\\runs\\multiscenario_runs",
  "total_rows": 7200,
  "scenario_ids": [
    "lab_profile_v0",
    "regime_stress_v0",
    "regime_stress_v1",
    "rep_cps_scheduling_v0",
    "traffic_v0",
    "warehouse_v0"
  ],
  "secondary_targets": {
    "coordination_tax_proxy": {
      "overall_baseline_mae": 7.6020400655864195,
      "overall_regression_mae": 1.4789492776460753,
      "overall_feat_baseline_mae": 7.610307581018518,
      "mean_regression_pi_coverage_95": 0.938125,
      "scaling_fit": {
        "scaling_exponent": -0.00891260740273713,
        "scaling_r2": 3.009967019851345e-06,
        "n_used": 7200
      },
      "success_criteria_met": {
        "beat_global_mean_out_of_sample": true,
        "beat_feature_baseline_out_of_sample": true,
        "beat_regime_baseline_out_of_sample": true,
        "beat_agent_count_baseline_out_of_sample": true,
        "beat_oracle_per_scenario_baseline": true,
        "trigger_met": true,
        "negative_result": false,
        "regression_protocol_valid": true,
        "regression_missing_fold_labels": [],
        "legacy_beat_baseline_out_of_sample": true
      }
    },
    "error_amplification_proxy": {
      "overall_baseline_mae": 4.755171700522767,
      "overall_regression_mae": 4.8678889962002,
      "overall_feat_baseline_mae": 4.940038602599711,
      "mean_regression_pi_coverage_95": 0.9377777777777778,
      "scaling_fit": {
        "scaling_exponent": -0.42225816152901324,
        "scaling_r2": 0.016830207218440973,
        "n_used": 7200
      },
      "success_criteria_met": {
        "beat_global_mean_out_of_sample": false,