{
  "target": "tasks_completed",
  "holdout_mode": "fault_setting",
  "held_out_results": [
    {
      "held_out_scenario": "calibration_invalid_01",
      "holdout_label": "calibration_invalid_01",
      "train_n": 3240,
      "test_n": 1080,
      "global_baseline_pred": 3.7666666666666666,
      "baseline_mae": 0.5777777777777777,
      "oracle_per_scenario_baseline_mae": 0.04999999999999989,
      "admissible_per_scenario_train_mae": 0.0666666666666668,
      "regime_train_mean_baseline_mae": 0.5777777777777777,
      "agent_count_train_mean_baseline_mae": 0.5777777777777777,
      "num_tasks_held_out": 3,
      "feat_baseline_mae": 0.0666666666666668,
      "prior_model_mae": 0.3916666666666666,
      "regression_mae": 0.06666666666665932,
      "stump_mae": 0.42395061728395067,
      "actuals_mean": 3.8333333333333335,
      "test_collapse_rate": 0.0,
      "train_collapse_rate": 0.0,
      "regression_pi_coverage_95": 1.0
    },
    {
      "held_out_scenario": "delay_01",
      "holdout_label": "delay_01",
      "train_n": 3240,
      "test_n": 1080,
      "global_baseline_pred": 3.7666666666666666,
      "baseline_mae": 0.5777777777777777,
      "oracle_per_scenario_baseline_mae": 0.04999999999999989,
      "admissible_per_scenario_train_mae": 0.0666666666666668,
      "regime_train_mean_baseline_mae": 0.5777777777777777,
      "agent_count_train_mean_baseline_mae": 0.5777777777777777,
      "num_tasks_held_out": 3,
      "feat_baseline_mae": 0.0666666666666668,
      "prior_model_mae": 0.3916666666666666,
      "regression_mae": 0.06666666666665932,
      "stump_mae": 0.42395061728395067,
      "actuals_mean": 3.8333333333333335,
      "test_collapse_rate": 0.0,
      "train_collapse_rate": 0.0,
      "regression_pi_coverage_95": 1.0
    },
    {
      "held_out_scenario": "drop_005",
      "holdout_label": "drop_005",
      "train_n": 3240,
      "test_n": 1080,
      "global_baseline_pred": 3.8333333333333335,
      "baseline_mae": 0.6503086419753087,
      "oracle_per_scenario_baseline_mae": 0.23043981481481476,
      "admissible_per_scenario_train_mae": 0.2,
      "regime_train_mean_baseline_mae": 0.6503086419753087,
      "agent_count_train_mean_baseline_mae": 0.6503086419753087,
      "num_tasks_held_out": 3,
      "feat_baseline_mae": 0.2,
      "prior_model_mae": 0.4387962962962963,
      "regression_mae": 0.20000000000000143,
      "stump_mae": 0.5155555555555555,
      "actuals_mean": 3.6333333333333333,
      "test_collapse_rate": 0.0,
      "train_collapse_rate": 0.0,
      "regression_pi_coverage_95": 0.8083333333333333
    },
    {
      "held_out_scenario": "no_drop",
      "holdout_label": "no_drop",
      "train_n": 3240,
      "test_n": 1080,
      "global_baseline_pred": 3.7666666666666666,
      "baseline_mae": 0.5777777777777777,
      "oracle_per_scenario_baseline_mae": 0.04999999999999989,
      "admissible_per_scenario_train_mae": 0.0666666666666668,
      "regime_train_mean_baseline_mae": 0.5777777777777777,
      "agent_count_train_mean_baseline_mae": 0.5777777777777777,
      "num_tasks_held_out": 3,
      "feat_baseline_mae": 0.0666666666666668,
      "prior_model_mae": 0.3916666666666666,
      "regression_mae": 0.06666666666665932,
      "stump_mae": 0.42395061728395067,
      "actuals_mean": 3.8333333333333335,
      "test_collapse_rate": 0.0,
      "train_collapse_rate": 0.0,
      "regression_pi_coverage_95": 1.0
    }
  ],
  "overall_baseline_mae": 0.5959104938271604,
  "overall_oracle_per_scenario_baseline_mae": 0.0951099537037036,
  "overall_admissible_per_scenario_train_mae": 0.1000000000000001,
  "overall_regime_train_mean_baseline_mae": 0.5959104938271604,
  "overall_agent_count_train_mean_baseline_mae": 0.5959104938271604,
  "overall_feat_baseline_mae": 0.1000000000000001,
  "overall_regression_mae": 0.09999999999999484,
  "overall_prior_model_mae": 0.40344907407407404,
  "overall_stump_mae": 0.4468518518518519,
  "admissible_baselines": {
    "global_mean_mae": 0.5959104938271604,
    "per_scenario_train_only_mae": 0.1000000000000001,
    "num_tasks_bucket_mae": 0.1000000000000001,
    "regime_train_mean_mae": 0.5959104938271604,
    "agent_count_train_mean_mae": 0.5959104938271604,
    "regression_mae": 0.09999999999999484,
    "stump_mae": 0.4468518518518519
  },
  "oracle_baselines": {
    "per_scenario_mean_including_test_mae": 0.0951099537037036
  },
  "regression_skipped_reason": null,
  "overall_collapse_rate": 0.0,
  "overall_baseline_mae_ci95_lower": 0.5651318440599449,
  "overall_baseline_mae_ci95_upper": 0.626689143594376,
  "overall_feat_baseline_mae_ci95_lower": 0.043419673619416836,
  "overall_feat_baseline_mae_ci95_upper": 0.15658032638058336,
  "overall_regression_mae_ci95_lower": 0.043419673619407795,
  "overall_regression_mae_ci95_upper": 0.1565803263805819,
  "mean_regression_pi_coverage_95": 0.9520833333333334,
  "scaling_fit": {
    "scaling_exponent": 1.0025393402138,
    "scaling_r2": 0.8634413328692845,
    "n_used": 4320
  },
  "feature_ablation": [
    {
      "features": [
        "num_tasks"
      ],
      "mae": 0.1
    },
    {
      "features": [
        "num_faults"
      ],
      "mae": 0.5932
    },
    {
      "features": [
        "num_tasks",
        "num_faults",
        "tool_density",
        "agent_count",
        "regime_id",
        "hierarchy_depth",
        "fan_out",
        "queue_contention_index",
        "shared_state_contention"
      ],
      "mae": 0.1
    }
  ],
  "success_criteria_met": {
    "beat_global_mean_out_of_sample": true,
    "beat_feature_baseline_out_of_sample": false,
    "beat_regime_baseline_out_of_sample": true,
    "beat_agent_count_baseline_out_of_sample": true,
    "beat_oracle_per_scenario_baseline": false,
    "trigger_met": false,
    "negative_result": true,
    "legacy_beat_baseline_out_of_sample": true
  },
  "run_manifest": {
    "scenario_ids": [
      "lab_profile_v0",
      "regime_stress_v0",
      "regime_stress_v1",
      "rep_cps_scheduling_v0",
      "traffic_v0",
      "warehouse_v0"
    ],
    "held_out_labels": [
      "calibration_invalid_01",
      "delay_01",
      "drop_005",
      "no_drop"
    ],
    "held_out_scenarios": [
      "calibration_invalid_01",
      "delay_01",
      "drop_005",
      "no_drop"
    ],
    "train_n_total": 12960,
    "test_n_total": 4320,
    "script": "scaling_heldout_eval.py",
    "runs_dir": "C:\\Users\\mateo\\labtrust-portfolio\\datasets\\runs\\multiscenario_runs",
    "holdout_mode": "fault_setting",
    "seeds": [
      1,
      2,
      3,
      4,
      5,
      6,
      7,
      8,
      9,
      10,
      11,
      12,
      13,
      14,
      15,
      16,
      17,
      18,
      19,
      20,
      21,
      22,
      23,
      24,
      25,
      26,
      27,
      28,
      29,
      30
    ],
    "coordination_regimes": [
      "centralized",
      "decentralized",
      "hierarchical"
    ],
    "agent_counts": [
      1,
      4
    ],
    "fault_setting_labels": [
      "calibration_invalid_01",
      "delay_01",
      "drop_005",
      "no_drop"
    ],
    "commit": "efa2bc12c94796d51232ceb7b6356683271b904f"
  },
  "runs_dir": "C:\\Users\\mateo\\labtrust-portfolio\\datasets\\runs\\multiscenario_runs",
  "total_rows": 4320,
  "scenario_ids": [
    "lab_profile_v0",
    "regime_stress_v0",
    "regime_stress_v1",
    "rep_cps_scheduling_v0",
    "traffic_v0",
    "warehouse_v0"
  ],
  "secondary_targets": {
    "coordination_tax_proxy": {
      "overall_baseline_mae": 4.374183406207132,
      "overall_regression_mae": 4.37417883835633,
      "overall_feat_baseline_mae": 4.37416473765432,
      "mean_regression_pi_coverage_95": 0.9946759259259259,
      "scaling_fit": {
        "scaling_exponent": 0.015674372436663697,
        "scaling_r2": 8.990035618494652e-06,
        "n_used": 4320
      },
      "success_criteria_met": {
        "beat_global_mean_out_of_sample": true,
        "beat_feature_baseline_out_of_sample": false,