{
  "target": "tasks_completed",
  "holdout_mode": "regime",
  "held_out_results": [
    {
      "held_out_scenario": "centralized",
      "holdout_label": "centralized",
      "train_n": 2880,
      "test_n": 1440,
      "global_baseline_pred": 3.78125,
      "baseline_mae": 0.5917534722222222,
      "oracle_per_scenario_baseline_mae": 0.09127507716049374,
      "admissible_per_scenario_train_mae": 0.09315972222222214,
      "regime_train_mean_baseline_mae": 0.5917534722222222,
      "agent_count_train_mean_baseline_mae": 0.5917380401234568,
      "num_tasks_held_out": 3,
      "feat_baseline_mae": 0.09315972222222214,
      "prior_model_mae": 0.4013888888888888,
      "regression_mae": 0.09315972222224161,
      "stump_mae": 0.44291666666666674,
      "actuals_mean": 3.7875,
      "test_collapse_rate": 0.0,
      "train_collapse_rate": 0.0,
      "regression_pi_coverage_95": 0.9548611111111112
    },
    {
      "held_out_scenario": "decentralized",
      "holdout_label": "decentralized",
      "train_n": 2880,
      "test_n": 1440,
      "global_baseline_pred": 3.782986111111111,
      "baseline_mae": 0.5887538580246914,
      "oracle_per_scenario_baseline_mae": 0.09447916666666657,
      "admissible_per_scenario_train_mae": 0.09493923611111113,
      "regime_train_mean_baseline_mae": 0.5887538580246914,
      "agent_count_train_mean_baseline_mae": 0.5887471064814815,
      "num_tasks_held_out": 3,
      "feat_baseline_mae": 0.09493923611111113,
      "prior_model_mae": 0.40229166666666666,
      "regression_mae": 0.09494944852942128,
      "stump_mae": 0.4411163194444444,
      "actuals_mean": 3.7840277777777778,
      "test_collapse_rate": 0.0,
      "train_collapse_rate": 0.0,
      "regression_pi_coverage_95": 0.9541666666666667
    },
    {
      "held_out_scenario": "hierarchical",
      "holdout_label": "hierarchical",
      "train_n": 2880,
      "test_n": 1440,
      "global_baseline_pred": 3.785763888888889,
      "baseline_mae": 0.5989945023148149,
      "oracle_per_scenario_baseline_mae": 0.09957561728395052,
      "admissible_per_scenario_train_mae": 0.09741319444444446,
      "regime_train_mean_baseline_mae": 0.5989945023148149,
      "agent_count_train_mean_baseline_mae": 0.5992390046296296,
      "num_tasks_held_out": 3,
      "feat_baseline_mae": 0.09741319444444446,
      "prior_model_mae": 0.4066666666666666,
      "regression_mae": 0.09743770424837604,
      "stump_mae": 0.44590625,
      "actuals_mean": 3.7784722222222222,
      "test_collapse_rate": 0.0,
      "train_collapse_rate": 0.0,
      "regression_pi_coverage_95": 0.9472222222222222
    }
  ],
  "overall_baseline_mae": 0.5931672775205762,
  "overall_oracle_per_scenario_baseline_mae": 0.0951099537037036,
  "overall_admissible_per_scenario_train_mae": 0.09517071759259259,
  "overall_regime_train_mean_baseline_mae": 0.5931672775205762,
  "overall_agent_count_train_mean_baseline_mae": 0.5932413837448559,
  "overall_feat_baseline_mae": 0.09517071759259259,
  "overall_regression_mae": 0.09518229166667964,
  "overall_prior_model_mae": 0.403449074074074,
  "overall_stump_mae": 0.4433130787037037,
  "admissible_baselines": {
    "global_mean_mae": 0.5931672775205762,
    "per_scenario_train_only_mae": 0.09517071759259259,
    "num_tasks_bucket_mae": 0.09517071759259259,
    "regime_train_mean_mae": 0.5931672775205762,
    "agent_count_train_mean_mae": 0.5932413837448559,
    "regression_mae": 0.09518229166667964,
    "stump_mae": 0.4433130787037037
  },
  "oracle_baselines": {
    "per_scenario_mean_including_test_mae": 0.0951099537037036
  },
  "regression_skipped_reason": null,
  "overall_collapse_rate": 0.0,
  "overall_baseline_mae_ci95_lower": 0.5883029633538942,
  "overall_baseline_mae_ci95_upper": 0.5980315916872582,
  "overall_feat_baseline_mae_ci95_lower": 0.09319700327093337,
  "overall_feat_baseline_mae_ci95_upper": 0.0971444319142518,
  "overall_regression_mae_ci95_lower": 0.09319720211443118,
  "overall_regression_mae_ci95_upper": 0.09716738121892811,
  "mean_regression_pi_coverage_95": 0.9520833333333334,
  "scaling_fit": {
    "scaling_exponent": 1.0025393402138,
    "scaling_r2": 0.8634413328692845,
    "n_used": 4320
  },
  "feature_ablation": [
    {
      "features": [
        "num_tasks"
      ],
      "mae": 0.0952
    },
    {
      "features": [
        "num_faults"
      ],
      "mae": 0.5897
    },
    {
      "features": [
        "num_tasks",
        "num_faults",
        "tool_density",
        "agent_count",
        "regime_id",
        "hierarchy_depth",
        "fan_out",
        "queue_contention_index",
        "shared_state_contention"
      ],
      "mae": 0.0952
    }
  ],
  "success_criteria_met": {
    "beat_global_mean_out_of_sample": true,
    "beat_feature_baseline_out_of_sample": false,
    "beat_regime_baseline_out_of_sample": true,
    "beat_agent_count_baseline_out_of_sample": true,
    "beat_oracle_per_scenario_baseline": false,
    "trigger_met": false,
    "negative_result": true,
    "legacy_beat_baseline_out_of_sample": true
  },
  "run_manifest": {
    "scenario_ids": [
      "lab_profile_v0",
      "regime_stress_v0",
      "regime_stress_v1",
      "rep_cps_scheduling_v0",
      "traffic_v0",
      "warehouse_v0"
    ],
    "held_out_labels": [
      "centralized",
      "decentralized",
      "hierarchical"
    ],
    "held_out_scenarios": [
      "centralized",
      "decentralized",
      "hierarchical"
    ],
    "train_n_total": 8640,
    "test_n_total": 4320,
    "script": "scaling_heldout_eval.py",
    "runs_dir": "C:\\Users\\mateo\\labtrust-portfolio\\datasets\\runs\\multiscenario_runs",
    "holdout_mode": "regime",
    "seeds": [
      1,
      2,
      3,
      4,
      5,
      6,
      7,
      8,
      9,
      10,
      11,
      12,
      13,
      14,
      15,
      16,
      17,
      18,
      19,
      20,
      21,
      22,
      23,
      24,
      25,
      26,
      27,
      28,
      29,
      30
    ],
    "coordination_regimes": [
      "centralized",
      "decentralized",
      "hierarchical"
    ],
    "agent_counts": [
      1,
      4
    ],
    "fault_setting_labels": [
      "calibration_invalid_01",
      "delay_01",
      "drop_005",
      "no_drop"
    ],
    "commit": "efa2bc12c94796d51232ceb7b6356683271b904f"
  },
  "runs_dir": "C:\\Users\\mateo\\labtrust-portfolio\\datasets\\runs\\multiscenario_runs",
  "total_rows": 4320,
  "scenario_ids": [
    "lab_profile_v0",
    "regime_stress_v0",
    "regime_stress_v1",
    "rep_cps_scheduling_v0",
    "traffic_v0",
    "warehouse_v0"
  ],
  "secondary_targets": {
    "coordination_tax_proxy": {
      "overall_baseline_mae": 4.742066159765089,
      "overall_regression_mae": 4.742093226140767,
      "overall_feat_baseline_mae": 4.742007941100823,
      "mean_regression_pi_coverage_95": 0.8333333333333334,
      "scaling_fit": {
        "scaling_exponent": 0.015674372436663697,
        "scaling_r2": 8.990035618494652e-06,
        "n_used": 4320
      },
      "success_criteria_met": {
        "beat_global_mean_out_of_sample": false,
        "beat_feature_baseline_out_of_sample": false,
        "beat_regime_baseline_out_of_sample": false,
        "beat_agent_count_baseline_out_of_sample": false,
        "beat_oracle_per_scenario_baseline": false,
        "trigger_met": false,
        "negative_result": true,
        "legacy_beat_baseline_out_of_sample": false
      }
    },
    "error_amplification_proxy": {
      "overall_baseline_mae": 5.156788563511522,
      "overall_regression_mae": 5.1423413361657,
      "overall_feat_baseline_mae": 5.1375194166041345,
      "mean_regression_pi_coverage_95": 0.9493055555555555,
      "scaling_fit": {
        "scaling_exponent": -0.35972531456658724,
        "scaling_r2": 0.010174404827340777,
        "n_used": 4320
      },
      "success_criteria_met": {
        "beat_global_mean_out_of_sample": true,
        "beat_feature_baseline_out_of_sample": false,