{
  "target": "tasks_completed",
  "holdout_mode": "regime",
  "held_out_results": [
    {
      "held_out_scenario": "blackboard",
      "holdout_label": "blackboard",
      "train_n": 5760,
      "test_n": 1440,
      "global_baseline_pred": 3.722916666666667,
      "baseline_mae": 0.6348755787037037,
      "oracle_per_scenario_baseline_mae": 0.20942476851851846,
      "admissible_per_scenario_train_mae": 0.20771701388888889,
      "regime_train_mean_baseline_mae": 0.6348755787037037,
      "agent_count_train_mean_baseline_mae": 0.6344888117283951,
      "num_tasks_held_out": 5,
      "feat_baseline_mae": 0.20771701388888889,
      "prior_model_mae": 0.4236805555555555,
      "regression_mae": 0.203317731733494,
      "stump_mae": 0.5029861111111111,
      "actuals_mean": 3.7118055555555554,
      "test_collapse_rate": 0.002777777777777778,
      "train_collapse_rate": 0.002951388888888889,
      "regression_pi_coverage_95": 0.8930555555555556
    },
    {
      "held_out_scenario": "centralized",
      "holdout_label": "centralized",
      "train_n": 5760,
      "test_n": 1440,
      "global_baseline_pred": 3.717361111111111,
      "baseline_mae": 0.6299286265432099,
      "oracle_per_scenario_baseline_mae": 0.19173379629629622,
      "admissible_per_scenario_train_mae": 0.19446469907407404,
      "regime_train_mean_baseline_mae": 0.6299286265432099,
      "agent_count_train_mean_baseline_mae": 0.6296672453703704,
      "num_tasks_held_out": 5,
      "feat_baseline_mae": 0.19446469907407404,
      "prior_model_mae": 0.4191666666666666,
      "regression_mae": 0.18835403514327437,
      "stump_mae": 0.4905300925925926,
      "actuals_mean": 3.734027777777778,
      "test_collapse_rate": 0.002777777777777778,
      "train_collapse_rate": 0.002951388888888889,
      "regression_pi_coverage_95": 0.9125
    },
    {
      "held_out_scenario": "decentralized",
      "holdout_label": "decentralized",
      "train_n": 5760,
      "test_n": 1440,
      "global_baseline_pred": 3.7222222222222223,
      "baseline_mae": 0.6347222222222222,
      "oracle_per_scenario_baseline_mae": 0.20674884259259255,
      "admissible_per_scenario_train_mae": 0.2056192129629629,
      "regime_train_mean_baseline_mae": 0.6347222222222222,
      "agent_count_train_mean_baseline_mae": 0.6341657021604938,
      "num_tasks_held_out": 5,
      "feat_baseline_mae": 0.2056192129629629,
      "prior_model_mae": 0.42340277777777774,
      "regression_mae": 0.43112902524089725,
      "stump_mae": 0.495318287037037,
      "actuals_mean": 3.714583333333333,
      "test_collapse_rate": 0.001388888888888889,
      "train_collapse_rate": 0.003298611111111111,
      "regression_pi_coverage_95": 0.7381944444444445
    },
    {
      "held_out_scenario": "hierarchical",
      "holdout_label": "hierarchical",
      "train_n": 5760,
      "test_n": 1440,
      "global_baseline_pred": 3.7168402777777776,
      "baseline_mae": 0.6285706018518519,
      "oracle_per_scenario_baseline_mae": 0.18886689814814808,
      "admissible_per_scenario_train_mae": 0.1919806134259259,
      "regime_train_mean_baseline_mae": 0.6285706018518519,
      "agent_count_train_mean_baseline_mae": 0.6288715277777778,
      "num_tasks_held_out": 5,
      "feat_baseline_mae": 0.1919806134259259,
      "prior_model_mae": 0.4150694444444444,
      "regression_mae": 0.15448431652350622,
      "stump_mae": 0.48682552083333336,
      "actuals_mean": 3.736111111111111,
      "test_collapse_rate": 0.001388888888888889,
      "train_collapse_rate": 0.003298611111111111,
      "regression_pi_coverage_95": 0.9083333333333333
    },
    {
      "held_out_scenario": "market",
      "holdout_label": "market",
      "train_n": 5760,
      "test_n": 1440,
      "global_baseline_pred": 3.7241319444444443,
      "baseline_mae": 0.6376929012345679,
      "oracle_per_scenario_baseline_mae": 0.21408333333333326,
      "admissible_per_scenario_train_mae": 0.21144386574074078,
      "regime_train_mean_baseline_mae": 0.6376929012345679,
      "agent_count_train_mean_baseline_mae": 0.6372521219135803,
      "num_tasks_held_out": 5,
      "feat_baseline_mae": 0.21144386574074078,
      "prior_model_mae": 0.42749999999999994,
      "regression_mae": 0.2078028633138046,
      "stump_mae": 0.50734375,
      "actuals_mean": 3.7069444444444444,
      "test_collapse_rate": 0.00625,
      "train_collapse_rate": 0.0020833333333333333,
      "regression_pi_coverage_95": 0.8923611111111112
    }
  ],
  "overall_baseline_mae": 0.6331579861111111,
  "overall_oracle_per_scenario_baseline_mae": 0.20217152777777772,
  "overall_admissible_per_scenario_train_mae": 0.20224508101851849,
  "overall_regime_train_mean_baseline_mae": 0.6331579861111111,
  "overall_agent_count_train_mean_baseline_mae": 0.6328890817901235,
  "overall_feat_baseline_mae": 0.20224508101851849,
  "overall_regression_mae": 0.2370175943909953,
  "overall_prior_model_mae": 0.4217638888888889,
  "overall_stump_mae": 0.4966007523148148,
  "admissible_baselines": {
    "global_mean_mae": 0.6331579861111111,
    "per_scenario_train_only_mae": 0.20224508101851849,
    "num_tasks_bucket_mae": 0.20224508101851849,
    "regime_train_mean_mae": 0.6331579861111111,
    "agent_count_train_mean_mae": 0.6328890817901235,
    "regression_mae": 0.2370175943909953,
    "stump_mae": 0.4966007523148148
  },
  "oracle_baselines": {
    "per_scenario_mean_including_test_mae": 0.20217152777777772
  },
  "regression_skipped_reason": null,
  "overall_collapse_rate": 0.002916666666666667,
  "overall_baseline_mae_ci95_lower": 0.6301871724877299,
  "overall_baseline_mae_ci95_upper": 0.6361287997344922,
  "overall_feat_baseline_mae_ci95_lower": 0.19554843940396632,
  "overall_feat_baseline_mae_ci95_upper": 0.20894172263307065,
  "overall_regression_mae_ci95_lower": 0.15037910907724006,
  "overall_regression_mae_ci95_upper": 0.3236560797047505,
  "mean_regression_pi_coverage_95": 0.868888888888889,
  "scaling_fit": {
    "scaling_exponent": 1.0095802474446356,
    "scaling_r2": 0.6856735234110645,
    "n_used": 7200
  },
  "feature_ablation": [
    {
      "features": [
        "num_tasks"
      ],
      "mae": 0.2022
    },
    {
      "features": [
        "num_faults"
      ],
      "mae": 0.6268
    },
    {
      "features": [
        "num_tasks",
        "num_faults",
        "tool_density",
        "agent_count",
        "regime_id",
        "hierarchy_depth",
        "fan_out",
        "queue_contention_index",
        "shared_state_contention"
      ],
      "mae": 0.237
    }
  ],
  "success_criteria_met": {
    "beat_global_mean_out_of_sample": true,
    "beat_feature_baseline_out_of_sample": false,
    "beat_regime_baseline_out_of_sample": true,
    "beat_agent_count_baseline_out_of_sample": true,
    "beat_oracle_per_scenario_baseline": false,
    "trigger_met": false,
    "negative_result": true,
    "regression_protocol_valid": true,
    "regression_missing_fold_labels": [],
    "legacy_beat_baseline_out_of_sample": true
  },
  "run_manifest": {
    "scenario_ids": [
      "lab_profile_v0",
      "regime_stress_v0",
      "regime_stress_v1",
      "rep_cps_scheduling_v0",
      "traffic_v0",
      "warehouse_v0"
    ],
    "held_out_labels": [
      "blackboard",
      "centralized",
      "decentralized",
      "hierarchical",
      "market"
    ],
    "held_out_scenarios": [
      "blackboard",
      "centralized",
      "decentralized",
      "hierarchical",
      "market"
    ],
    "train_n_total": 28800,
    "test_n_total": 7200,
    "script": "scaling_heldout_eval.py",
    "runs_dir": "C:\\Users\\mateo\\labtrust-portfolio\\datasets\\runs\\multiscenario_runs",
    "holdout_mode": "regime",
    "seeds": [
      1,
      2,
      3,
      4,
      5,
      6,
      7,
      8,
      9,
      10,
      11,
      12,
      13,
      14,
      15,
      16,
      17,
      18,
      19,
      20,
      21,
      22,
      23,
      24,
      25,
      26,
      27,
      28,
      29,
      30
    ],