{
  "target": "tasks_completed",
  "holdout_mode": "agent_count",
  "held_out_results": [
    {
      "held_out_scenario": "agents_1",
      "holdout_label": "agents_1",
      "train_n": 2160,
      "test_n": 2160,
      "global_baseline_pred": 3.788425925925926,
      "baseline_mae": 0.5945610425240054,
      "oracle_per_scenario_baseline_mae": 0.09967463991769537,
      "admissible_per_scenario_train_mae": 0.09512602880658422,
      "regime_train_mean_baseline_mae": 0.5947183641975309,
      "agent_count_train_mean_baseline_mae": 0.5945610425240054,
      "num_tasks_held_out": 3,
      "feat_baseline_mae": 0.09512602880658422,
      "prior_model_mae": 0.404537037037037,
      "regression_mae": 0.09512602880658035,
      "stump_mae": 0.44532664609053496,
      "actuals_mean": 3.7782407407407406,
      "test_collapse_rate": 0.0,
      "train_collapse_rate": 0.0,
      "regression_pi_coverage_95": 0.9467592592592593
    },
    {
      "held_out_scenario": "agents_4",
      "holdout_label": "agents_4",
      "train_n": 2160,
      "test_n": 2160,
      "global_baseline_pred": 3.7782407407407406,
      "baseline_mae": 0.5917931241426613,
      "oracle_per_scenario_baseline_mae": 0.09054526748971184,
      "admissible_per_scenario_train_mae": 0.09520833333333321,
      "regime_train_mean_baseline_mae": 0.591971450617284,
      "agent_count_train_mean_baseline_mae": 0.5917931241426613,
      "num_tasks_held_out": 3,
      "feat_baseline_mae": 0.09520833333333321,
      "prior_model_mae": 0.40236111111111106,
      "regression_mae": 0.09524010530136794,
      "stump_mae": 0.44132561728395064,
      "actuals_mean": 3.788425925925926,
      "test_collapse_rate": 0.0,
      "train_collapse_rate": 0.0,
      "regression_pi_coverage_95": 0.9574074074074074
    }
  ],
  "overall_baseline_mae": 0.5931770833333334,
  "overall_oracle_per_scenario_baseline_mae": 0.0951099537037036,
  "overall_admissible_per_scenario_train_mae": 0.09516718106995872,
  "overall_regime_train_mean_baseline_mae": 0.5933449074074074,
  "overall_agent_count_train_mean_baseline_mae": 0.5931770833333334,
  "overall_feat_baseline_mae": 0.09516718106995872,
  "overall_regression_mae": 0.09518306705397414,
  "overall_prior_model_mae": 0.40344907407407404,
  "overall_stump_mae": 0.4433261316872428,
  "admissible_baselines": {
    "global_mean_mae": 0.5931770833333334,
    "per_scenario_train_only_mae": 0.09516718106995872,
    "num_tasks_bucket_mae": 0.09516718106995872,
    "regime_train_mean_mae": 0.5933449074074074,
    "agent_count_train_mean_mae": 0.5931770833333334,
    "regression_mae": 0.09518306705397414,
    "stump_mae": 0.4433261316872428
  },
  "oracle_baselines": {
    "per_scenario_mean_including_test_mae": 0.0951099537037036
  },
  "regression_skipped_reason": null,
  "overall_collapse_rate": 0.0,
  "overall_baseline_mae_ci95_lower": 0.5912590137532584,
  "overall_baseline_mae_ci95_upper": 0.5950951529134084,
  "overall_feat_baseline_mae_ci95_lower": 0.09511014694275188,
  "overall_feat_baseline_mae_ci95_upper": 0.09522421519716556,
  "overall_regression_mae_ci95_lower": 0.0951040160761966,
  "overall_regression_mae_ci95_upper": 0.09526211803175168,
  "mean_regression_pi_coverage_95": 0.9520833333333334,
  "scaling_fit": {
    "scaling_exponent": 1.0025393402138,
    "scaling_r2": 0.8634413328692845,
    "n_used": 4320
  },
  "feature_ablation": [
    {
      "features": [
        "num_tasks"
      ],
      "mae": 0.0952
    },
    {
      "features": [
        "num_faults"
      ],
      "mae": 0.5898
    },
    {
      "features": [
        "num_tasks",
        "num_faults",
        "tool_density",
        "agent_count",
        "regime_id",
        "hierarchy_depth",
        "fan_out",
        "queue_contention_index",
        "shared_state_contention"
      ],
      "mae": 0.0952
    }
  ],
  "success_criteria_met": {
    "beat_global_mean_out_of_sample": true,
    "beat_feature_baseline_out_of_sample": false,
    "beat_regime_baseline_out_of_sample": true,
    "beat_agent_count_baseline_out_of_sample": true,
    "beat_oracle_per_scenario_baseline": false,
    "trigger_met": false,
    "negative_result": true,
    "legacy_beat_baseline_out_of_sample": true
  },
  "run_manifest": {
    "scenario_ids": [
      "lab_profile_v0",
      "regime_stress_v0",
      "regime_stress_v1",
      "rep_cps_scheduling_v0",
      "traffic_v0",
      "warehouse_v0"
    ],
    "held_out_labels": [
      "agents_1",
      "agents_4"
    ],
    "held_out_scenarios": [
      "agents_1",
      "agents_4"
    ],
    "train_n_total": 4320,
    "test_n_total": 4320,
    "script": "scaling_heldout_eval.py",
    "runs_dir": "C:\\Users\\mateo\\labtrust-portfolio\\datasets\\runs\\multiscenario_runs",
    "holdout_mode": "agent_count",
    "seeds": [
      1,
      2,
      3,
      4,
      5,
      6,
      7,
      8,
      9,
      10,
      11,
      12,
      13,
      14,
      15,
      16,
      17,
      18,
      19,
      20,
      21,
      22,
      23,
      24,
      25,
      26,
      27,
      28,
      29,
      30
    ],
    "coordination_regimes": [
      "centralized",
      "decentralized",
      "hierarchical"
    ],
    "agent_counts": [
      1,
      4
    ],
    "fault_setting_labels": [
      "calibration_invalid_01",
      "delay_01",
      "drop_005",
      "no_drop"
    ],
    "commit": "efa2bc12c94796d51232ceb7b6356683271b904f"
  },
  "runs_dir": "C:\\Users\\mateo\\labtrust-portfolio\\datasets\\runs\\multiscenario_runs",
  "total_rows": 4320,
  "scenario_ids": [
    "lab_profile_v0",
    "regime_stress_v0",
    "regime_stress_v1",
    "rep_cps_scheduling_v0",
    "traffic_v0",
    "warehouse_v0"
  ],
  "secondary_targets": {
    "coordination_tax_proxy": {
      "overall_baseline_mae": 8.744729938271606,
      "overall_regression_mae": 8.744729938271593,
      "overall_feat_baseline_mae": 8.744729938271604,
      "mean_regression_pi_coverage_95": 0.16666666666666666,
      "scaling_fit": {
        "scaling_exponent": 0.015674372436663697,
        "scaling_r2": 8.990035618494652e-06,
        "n_used": 4320
      },
      "success_criteria_met": {
        "beat_global_mean_out_of_sample": false,
        "beat_feature_baseline_out_of_sample": false,
        "beat_regime_baseline_out_of_sample": false,
        "beat_agent_count_baseline_out_of_sample": false,
        "beat_oracle_per_scenario_baseline": false,
        "trigger_met": false,
        "negative_result": true,
        "legacy_beat_baseline_out_of_sample": false
      }
    },
    "error_amplification_proxy": {
      "overall_baseline_mae": 5.151566899394755,
      "overall_regression_mae": 5.134206613778301,
      "overall_feat_baseline_mae": 5.125841482868486,
      "mean_regression_pi_coverage_95": 0.9472222222222222,
      "scaling_fit": {
        "scaling_exponent": -0.35972531456658724,
        "scaling_r2": 0.010174404827340777,
        "n_used": 4320
      },
      "success_criteria_met": {
        "beat_global_mean_out_of_sample": true,
        "beat_feature_baseline_out_of_sample": false,
        "beat_regime_baseline_out_of_sample": true,
        "beat_agent_count_baseline_out_of_sample": true,
        "beat_oracle_per_scenario_baseline": false,
        "trigger_met": false,
        "negative_result": true,
        "legacy_beat_baseline_out_of_sample": true
      }
    }
  },
  "excellence_metrics": {
    "out_of_sample_margin_vs_global_baseline": 0.498,
    "ci_width_95_baseline_mae": 0.0038,
    "trigger_met": false,
    "legacy_beat_baseline_out_of_sample": true,
    "fold_coverage": 2,
    "difference_mean": 0.498,
    "difference_ci95": [
      0.4966,
      0.4994
    ],
    "difference_ci_width": 0.0029,
    "paired_t_p_value": 0.2888,
    "power_post_hoc": 1.0,
    "alpha": 0.05
  }
}
