{
  "target": "tasks_completed",
  "holdout_mode": "agent_count",
  "held_out_results": [
    {
      "held_out_scenario": "agents_1",
      "holdout_label": "agents_1",
      "train_n": 5400,
      "test_n": 1800,
      "global_baseline_pred": 3.727037037037037,
      "baseline_mae": 0.6446436213991769,
      "oracle_per_scenario_baseline_mae": 0.21775925925925918,
      "admissible_per_scenario_train_mae": 0.2128987654320988,
      "regime_train_mean_baseline_mae": 0.6444927983539095,
      "agent_count_train_mean_baseline_mae": 0.6446436213991769,
      "num_tasks_held_out": 3,
      "feat_baseline_mae": 0.2128987654320988,
      "prior_model_mae": 0.43055555555555547,
      "regression_mae": 0.19539714517913834,
      "stump_mae": 0.5043269135802468,
      "actuals_mean": 3.7016666666666667,
      "test_collapse_rate": 0.0022222222222222222,
      "train_collapse_rate": 0.003148148148148148,
      "test_collapse_brier_train_prevalence": 0.0022181412894375857,
      "regression_pi_coverage_95": 0.8838888888888888
    },
    {
      "held_out_scenario": "agents_2",
      "holdout_label": "agents_2",
      "train_n": 5400,
      "test_n": 1800,
      "global_baseline_pred": 3.7116666666666664,
      "baseline_mae": 0.6190703703703705,
      "oracle_per_scenario_baseline_mae": 0.18017870370370365,
      "admissible_per_scenario_train_mae": 0.18789999999999998,
      "regime_train_mean_baseline_mae": 0.6190123456790123,
      "agent_count_train_mean_baseline_mae": 0.6190703703703705,
      "num_tasks_held_out": 3,
      "feat_baseline_mae": 0.18789999999999998,
      "prior_model_mae": 0.4111666666666666,
      "regression_mae": 0.16702771775685266,
      "stump_mae": 0.4844955555555556,
      "actuals_mean": 3.747777777777778,
      "test_collapse_rate": 0.0011111111111111111,
      "train_collapse_rate": 0.0035185185185185185,
      "test_collapse_brier_train_prevalence": 0.0011156721536351166,
      "regression_pi_coverage_95": 0.9233333333333333
    },
    {
      "held_out_scenario": "agents_4",
      "holdout_label": "agents_4",
      "train_n": 5400,
      "test_n": 1800,
      "global_baseline_pred": 3.716851851851852,
      "baseline_mae": 0.6343076131687243,
      "oracle_per_scenario_baseline_mae": 0.19382685185185178,
      "admissible_per_scenario_train_mae": 0.19696419753086433,
      "regime_train_mean_baseline_mae": 0.6348220164609053,
      "agent_count_train_mean_baseline_mae": 0.6343076131687243,
      "num_tasks_held_out": 3,
      "feat_baseline_mae": 0.19696419753086433,
      "prior_model_mae": 0.42227777777777775,
      "regression_mae": 0.1812960436318004,
      "stump_mae": 0.4938802469135803,
      "actuals_mean": 3.732222222222222,
      "test_collapse_rate": 0.005,
      "train_collapse_rate": 0.0022222222222222222,
      "test_collapse_brier_train_prevalence": 0.0049827160493827165,
      "regression_pi_coverage_95": 0.9133333333333333
    },
    {
      "held_out_scenario": "agents_8",
      "holdout_label": "agents_8",
      "train_n": 5400,
      "test_n": 1800,
      "global_baseline_pred": 3.727222222222222,
      "baseline_mae": 0.6350611111111111,
      "oracle_per_scenario_baseline_mae": 0.21692129629629622,
      "admissible_per_scenario_train_mae": 0.21200370370370378,
      "regime_train_mean_baseline_mae": 0.6351244855967078,
      "agent_count_train_mean_baseline_mae": 0.6350611111111111,
      "num_tasks_held_out": 3,
      "feat_baseline_mae": 0.21200370370370378,
      "prior_model_mae": 0.4230555555555555,
      "regression_mae": 0.31924115895479177,
      "stump_mae": 0.504225925925926,
      "actuals_mean": 3.701111111111111,
      "test_collapse_rate": 0.0033333333333333335,
      "train_collapse_rate": 0.002777777777777778,
      "test_collapse_brier_train_prevalence": 0.003322530864197531,
      "regression_pi_coverage_95": 0.9005555555555556
    }
  ],
  "overall_baseline_mae": 0.6332706790123457,
  "overall_oracle_per_scenario_baseline_mae": 0.2021715277777777,
  "overall_admissible_per_scenario_train_mae": 0.20244166666666671,
  "overall_regime_train_mean_baseline_mae": 0.6333629115226337,
  "overall_agent_count_train_mean_baseline_mae": 0.6332706790123457,
  "overall_feat_baseline_mae": 0.20244166666666671,
  "overall_regression_mae": 0.21574051638064579,
  "overall_prior_model_mae": 0.4217638888888888,
  "overall_stump_mae": 0.4967321604938272,
  "admissible_baselines": {
    "global_mean_mae": 0.6332706790123457,
    "per_scenario_train_only_mae": 0.20244166666666671,
    "num_tasks_bucket_mae": 0.20244166666666671,
    "regime_train_mean_mae": 0.6333629115226337,
    "agent_count_train_mean_mae": 0.6332706790123457,
    "regression_mae": 0.21574051638064579,
    "stump_mae": 0.4967321604938272
  },
  "oracle_baselines": {
    "per_scenario_mean_including_test_mae": 0.2021715277777777
  },
  "regression_skipped_reason": null,
  "overall_collapse_rate": 0.002916666666666667,
  "overall_collapse_brier_train_prevalence": 0.0029097650891632375,
  "overall_baseline_mae_ci95_lower": 0.6242985466787296,
  "overall_baseline_mae_ci95_upper": 0.6422428113459617,
  "overall_feat_baseline_mae_ci95_lower": 0.19213713787141196,
  "overall_feat_baseline_mae_ci95_upper": 0.21274619546192147,
  "overall_regression_mae_ci95_lower": 0.15636029095419116,
  "overall_regression_mae_ci95_upper": 0.27512074180710044,
  "mean_regression_pi_coverage_95": 0.9052777777777777,
  "scaling_fit": {
    "scaling_exponent": 1.0095802474446356,
    "scaling_r2": 0.6856735234110645,
    "n_used": 7200
  },
  "feature_ablation": [
    {
      "features": [
        "num_tasks"
      ],
      "mae": 0.2024
    },
    {
      "features": [
        "num_faults"
      ],
      "mae": 0.627
    },
    {
      "features": [
        "num_tasks",
        "num_faults",
        "tool_density",
        "agent_count",
        "regime_id",
        "hierarchy_depth",
        "fan_out",
        "queue_contention_index",
        "shared_state_contention"
      ],
      "mae": 0.2157
    }
  ],
  "success_criteria_met": {
    "beat_global_mean_out_of_sample": true,
    "beat_feature_baseline_out_of_sample": false,
    "beat_regime_baseline_out_of_sample": true,
    "beat_agent_count_baseline_out_of_sample": true,
    "beat_oracle_per_scenario_baseline": false,
    "trigger_met": false,
    "negative_result": true,
    "regression_protocol_valid": true,
    "regression_missing_fold_labels": [],
    "legacy_beat_baseline_out_of_sample": true
  },
  "run_manifest": {
    "scenario_ids": [
      "lab_profile_v0",
      "regime_stress_v0",
      "regime_stress_v1",
      "rep_cps_scheduling_v0",
      "traffic_v0",
      "warehouse_v0"
    ],
    "held_out_labels": [
      "agents_1",
      "agents_2",
      "agents_4",
      "agents_8"
    ],
    "held_out_scenarios": [
      "agents_1",
      "agents_2",
      "agents_4",
      "agents_8"
    ],
    "train_n_total": 21600,
    "test_n_total": 7200,
    "script": "scaling_heldout_eval.py",
    "runs_dir": "datasets\\runs\\multiscenario_runs",
    "holdout_mode": "agent_count",
    "seeds": [
      1,
      2,
      3,
      4,
      5,
      6,
      7,
      8,
      9,
      10,
      11,
      12,
      13,
      14,
      15,
      16,
      17,
      18,
      19,
      20,
      21,
      22,
      23,
      24,
      25,
      26,
      27,
      28,
      29,
      30
    ],
    "coordination_regimes": [
      "blackboard",
      "centralized",
      "decentralized",
      "hierarchical",
      "market"
    ],
    "agent_counts": [
      1,
      2,
      4,
      8
    ],
    "fault_setting_labels": [
      "drop_005",
      "no_drop"
    ],
    "commit": "ede2b361620270bbaf5e4e343ce6a6c3c2834217"
  },
  "runs_dir": "datasets\\runs\\multiscenario_runs",
  "total_rows": 7200,
  "scenario_ids": [
    "lab_profile_v0",
    "regime_stress_v0",
    "regime_stress_v1",
    "rep_cps_scheduling_v0",
    "traffic_v0",
    "warehouse_v0"
  ],