{
  "target": "tasks_completed",
  "holdout_mode": "scenario",
  "held_out_results": [
    {
      "held_out_scenario": "lab_profile_v0",
      "holdout_label": "lab_profile_v0",
      "train_n": 3600,
      "test_n": 720,
      "global_baseline_pred": 3.5519444444444446,
      "baseline_mae": 1.3987770061728393,
      "oracle_per_scenario_baseline_mae": 0.11330632716049344,
      "admissible_per_scenario_train_mae": 1.3987770061728393,
      "regime_train_mean_baseline_mae": 1.398738425925926,
      "agent_count_train_mean_baseline_mae": 1.3988302469135803,
      "num_tasks_held_out": 5,
      "feat_baseline_mae": 1.3987770061728393,
      "prior_model_mae": 0.7326388888888888,
      "regression_mae": 0.12202932098768478,
      "stump_mae": 4.940277777777778,
      "actuals_mean": 4.940277777777778,
      "test_collapse_rate": 0.0,
      "train_collapse_rate": 0.0,
      "regression_pi_coverage_95": 0.9486111111111111
    },
    {
      "held_out_scenario": "regime_stress_v0",
      "holdout_label": "regime_stress_v0",
      "train_n": 3600,
      "test_n": 720,
      "global_baseline_pred": 3.7508333333333335,
      "baseline_mae": 0.2770324074074073,
      "oracle_per_scenario_baseline_mae": 0.10261574074074077,
      "admissible_per_scenario_train_mae": 0.2770324074074073,
      "regime_train_mean_baseline_mae": 0.277,
      "agent_count_train_mean_baseline_mae": 0.276979938271605,
      "num_tasks_held_out": 4,
      "feat_baseline_mae": 0.10261574074074077,
      "prior_model_mae": 0.4119444444444444,
      "regression_mae": 0.10013117283949827,
      "stump_mae": 0.5430054012345681,
      "actuals_mean": 3.9458333333333333,
      "test_collapse_rate": 0.0,
      "train_collapse_rate": 0.0,
      "regression_pi_coverage_95": 0.9472222222222222
    },
    {
      "held_out_scenario": "regime_stress_v1",
      "holdout_label": "regime_stress_v1",
      "train_n": 3600,
      "test_n": 720,
      "global_baseline_pred": 3.7508333333333335,
      "baseline_mae": 0.2770324074074073,
      "oracle_per_scenario_baseline_mae": 0.10261574074074077,
      "admissible_per_scenario_train_mae": 0.2770324074074073,
      "regime_train_mean_baseline_mae": 0.277,
      "agent_count_train_mean_baseline_mae": 0.276979938271605,
      "num_tasks_held_out": 4,
      "feat_baseline_mae": 0.10261574074074077,
      "prior_model_mae": 0.4119444444444444,
      "regression_mae": 0.10013117283949827,
      "stump_mae": 0.5430054012345681,
      "actuals_mean": 3.9458333333333333,
      "test_collapse_rate": 0.0,
      "train_collapse_rate": 0.0,
      "regression_pi_coverage_95": 0.9472222222222222
    },
    {
      "held_out_scenario": "rep_cps_scheduling_v0",
      "holdout_label": "rep_cps_scheduling_v0",
      "train_n": 3600,
      "test_n": 720,
      "global_baseline_pred": 3.7508333333333335,
      "baseline_mae": 0.2770324074074073,
      "oracle_per_scenario_baseline_mae": 0.10261574074074077,
      "admissible_per_scenario_train_mae": 0.2770324074074073,
      "regime_train_mean_baseline_mae": 0.277,
      "agent_count_train_mean_baseline_mae": 0.276979938271605,
      "num_tasks_held_out": 4,
      "feat_baseline_mae": 0.10261574074074077,
      "prior_model_mae": 0.23305555555555574,
      "regression_mae": 0.10013117283949827,
      "stump_mae": 0.5430054012345681,
      "actuals_mean": 3.9458333333333333,
      "test_collapse_rate": 0.0,
      "train_collapse_rate": 0.0,
      "regression_pi_coverage_95": 0.9472222222222222
    },
    {
      "held_out_scenario": "traffic_v0",
      "holdout_label": "traffic_v0",
      "train_n": 3600,
      "test_n": 720,
      "global_baseline_pred": 3.9477777777777776,
      "baseline_mae": 0.9866666666666665,
      "oracle_per_scenario_baseline_mae": 0.07475308641975296,
      "admissible_per_scenario_train_mae": 0.9866666666666665,
      "regime_train_mean_baseline_mae": 0.9866666666666666,
      "agent_count_train_mean_baseline_mae": 0.9866666666666668,
      "num_tasks_held_out": 3,
      "feat_baseline_mae": 0.07475308641975296,
      "prior_model_mae": 0.31555555555555537,
      "regression_mae": 0.07744290123456779,
      "stump_mae": 0.7385416666666665,
      "actuals_mean": 2.9611111111111112,
      "test_collapse_rate": 0.0,
      "train_collapse_rate": 0.0,
      "regression_pi_coverage_95": 0.9611111111111111
    },
    {
      "held_out_scenario": "warehouse_v0",
      "holdout_label": "warehouse_v0",
      "train_n": 3600,
      "test_n": 720,
      "global_baseline_pred": 3.9477777777777776,
      "baseline_mae": 0.9866666666666665,
      "oracle_per_scenario_baseline_mae": 0.07475308641975296,
      "admissible_per_scenario_train_mae": 0.9866666666666665,
      "regime_train_mean_baseline_mae": 0.9866666666666666,
      "agent_count_train_mean_baseline_mae": 0.9866666666666668,
      "num_tasks_held_out": 3,
      "feat_baseline_mae": 0.07475308641975296,
      "prior_model_mae": 0.31555555555555537,
      "regression_mae": 0.07744290123456779,
      "stump_mae": 0.7385416666666665,
      "actuals_mean": 2.9611111111111112,
      "test_collapse_rate": 0.0,
      "train_collapse_rate": 0.0,
      "regression_pi_coverage_95": 0.9611111111111111
    }
  ],
  "overall_baseline_mae": 0.700534593621399,
  "overall_oracle_per_scenario_baseline_mae": 0.09510995370370362,
  "overall_admissible_per_scenario_train_mae": 0.700534593621399,
  "overall_regime_train_mean_baseline_mae": 0.7005119598765432,
  "overall_agent_count_train_mean_baseline_mae": 0.7005172325102881,
  "overall_feat_baseline_mae": 0.3093550668724279,
  "overall_regression_mae": 0.09621810699588586,
  "overall_prior_model_mae": 0.403449074074074,
  "overall_stump_mae": 1.3410628858024694,
  "admissible_baselines": {
    "global_mean_mae": 0.700534593621399,
    "per_scenario_train_only_mae": 0.700534593621399,
    "num_tasks_bucket_mae": 0.3093550668724279,
    "regime_train_mean_mae": 0.7005119598765432,
    "agent_count_train_mean_mae": 0.7005172325102881,
    "regression_mae": 0.09621810699588586,
    "stump_mae": 1.3410628858024694
  },
  "oracle_baselines": {
    "per_scenario_mean_including_test_mae": 0.09510995370370362
  },
  "regression_skipped_reason": null,
  "overall_collapse_rate": 0.0,
  "overall_baseline_mae_ci95_lower": 0.34428098209247154,
  "overall_baseline_mae_ci95_upper": 1.0567882051503266,
  "overall_feat_baseline_mae_ci95_lower": -0.0806170477472748,
  "overall_feat_baseline_mae_ci95_upper": 0.6993271814921307,
  "overall_regression_mae_ci95_lower": 0.08392062883013708,
  "overall_regression_mae_ci95_upper": 0.10851558516163463,
  "mean_regression_pi_coverage_95": 0.9520833333333334,
  "scaling_fit": {
    "scaling_exponent": 1.0025393402138,
    "scaling_r2": 0.8634413328692845,
    "n_used": 4320
  },
  "feature_ablation": [
    {
      "features": [
        "num_tasks"
      ],
      "mae": 0.0962
    },
    {
      "features": [
        "num_faults"
      ],
      "mae": 1.0814
    },
    {
      "features": [
        "num_tasks",
        "num_faults",
        "tool_density",
        "agent_count",
        "regime_id",
        "hierarchy_depth",
        "fan_out",
        "queue_contention_index",
        "shared_state_contention"
      ],
      "mae": 0.0962
    }
  ],
  "success_criteria_met": {
    "beat_global_mean_out_of_sample": true,
    "beat_feature_baseline_out_of_sample": true,
    "beat_regime_baseline_out_of_sample": true,
    "beat_agent_count_baseline_out_of_sample": true,
    "beat_oracle_per_scenario_baseline": false,
    "trigger_met": true,
    "negative_result": false,
    "legacy_beat_baseline_out_of_sample": true
  },
  "run_manifest": {
    "scenario_ids": [
      "lab_profile_v0",
      "regime_stress_v0",
      "regime_stress_v1",
      "rep_cps_scheduling_v0",
      "traffic_v0",
      "warehouse_v0"
    ],
    "held_out_labels": [
      "lab_profile_v0",
      "regime_stress_v0",
      "regime_stress_v1",
      "rep_cps_scheduling_v0",
      "traffic_v0",
      "warehouse_v0"
    ],