{
  "target": "tasks_completed",
  "holdout_mode": "scenario",
  "held_out_results": [
    {
      "held_out_scenario": "lab_profile_v0",
      "holdout_label": "lab_profile_v0",
      "train_n": 6000,
      "test_n": 1200,
      "global_baseline_pred": 3.494,
      "baseline_mae": 1.3808099999999999,
      "oracle_per_scenario_baseline_mae": 0.2544791666666664,
      "admissible_per_scenario_train_mae": 1.3808099999999999,
      "regime_train_mean_baseline_mae": 1.3807833333333335,
      "agent_count_train_mean_baseline_mae": 1.3807866666666666,
      "num_tasks_held_out": 5,
      "feat_baseline_mae": 1.3808099999999999,
      "prior_model_mae": 0.7045833333333333,
      "regression_mae": 1.9443615224997575,
      "stump_mae": 4.854166666666667,
      "actuals_mean": 4.854166666666667,
      "test_collapse_rate": 0.0,
      "train_collapse_rate": 0.0035,
      "regression_pi_coverage_95": 0.013333333333333334
    },
    {
      "held_out_scenario": "regime_stress_v0",
      "holdout_label": "regime_stress_v0",
      "train_n": 6000,
      "test_n": 1200,
      "global_baseline_pred": 3.6881666666666666,
      "baseline_mae": 0.36457416666666675,
      "oracle_per_scenario_baseline_mae": 0.2094166666666667,
      "admissible_per_scenario_train_mae": 0.36457416666666675,
      "regime_train_mean_baseline_mae": 0.3644361111111111,
      "agent_count_train_mean_baseline_mae": 0.3637922222222222,
      "num_tasks_held_out": 4,
      "feat_baseline_mae": 0.2094166666666667,
      "prior_model_mae": 0.4346666666666666,
      "regression_mae": 0.21015596899546218,
      "stump_mae": 0.5963166666666668,
      "actuals_mean": 3.8833333333333333,
      "test_collapse_rate": 0.0008333333333333334,
      "train_collapse_rate": 0.0033333333333333335,
      "regression_pi_coverage_95": 0.8975
    },
    {
      "held_out_scenario": "regime_stress_v1",
      "holdout_label": "regime_stress_v1",
      "train_n": 6000,
      "test_n": 1200,
      "global_baseline_pred": 3.6881666666666666,
      "baseline_mae": 0.36457416666666675,
      "oracle_per_scenario_baseline_mae": 0.2094166666666667,
      "admissible_per_scenario_train_mae": 0.36457416666666675,
      "regime_train_mean_baseline_mae": 0.3644361111111111,
      "agent_count_train_mean_baseline_mae": 0.3637922222222222,
      "num_tasks_held_out": 4,
      "feat_baseline_mae": 0.2094166666666667,
      "prior_model_mae": 0.4346666666666666,
      "regression_mae": 0.21015596899546218,
      "stump_mae": 0.5963166666666668,
      "actuals_mean": 3.8833333333333333,
      "test_collapse_rate": 0.0008333333333333334,
      "train_collapse_rate": 0.0033333333333333335,
      "regression_pi_coverage_95": 0.8975
    },
    {
      "held_out_scenario": "rep_cps_scheduling_v0",
      "holdout_label": "rep_cps_scheduling_v0",
      "train_n": 6000,
      "test_n": 1200,
      "global_baseline_pred": 3.6881666666666666,
      "baseline_mae": 0.36457416666666675,
      "oracle_per_scenario_baseline_mae": 0.2094166666666667,
      "admissible_per_scenario_train_mae": 0.36457416666666675,
      "regime_train_mean_baseline_mae": 0.3644361111111111,
      "agent_count_train_mean_baseline_mae": 0.3637922222222222,
      "num_tasks_held_out": 4,
      "feat_baseline_mae": 0.2094166666666667,
      "prior_model_mae": 0.27566666666666684,
      "regression_mae": 0.38100011736576184,
      "stump_mae": 0.5963166666666668,
      "actuals_mean": 3.8833333333333333,
      "test_collapse_rate": 0.0008333333333333334,
      "train_collapse_rate": 0.0033333333333333335,
      "regression_pi_coverage_95": 0.9808333333333333
    },
    {
      "held_out_scenario": "traffic_v0",
      "holdout_label": "traffic_v0",
      "train_n": 6000,
      "test_n": 1200,
      "global_baseline_pred": 3.882833333333333,
      "baseline_mae": 0.9728333333333332,
      "oracle_per_scenario_baseline_mae": 0.16514999999999988,
      "admissible_per_scenario_train_mae": 0.9728333333333332,
      "regime_train_mean_baseline_mae": 0.9728333333333332,
      "agent_count_train_mean_baseline_mae": 0.9728333333333334,
      "num_tasks_held_out": 3,
      "feat_baseline_mae": 0.16514999999999988,
      "prior_model_mae": 0.3404999999999998,
      "regression_mae": 0.15875575165430084,
      "stump_mae": 0.7300000000000001,
      "actuals_mean": 2.91,
      "test_collapse_rate": 0.0075,
      "train_collapse_rate": 0.002,
      "regression_pi_coverage_95": 0.9175
    },
    {
      "held_out_scenario": "warehouse_v0",
      "holdout_label": "warehouse_v0",
      "train_n": 6000,
      "test_n": 1200,
      "global_baseline_pred": 3.882833333333333,
      "baseline_mae": 0.9728333333333332,
      "oracle_per_scenario_baseline_mae": 0.16514999999999988,
      "admissible_per_scenario_train_mae": 0.9728333333333332,
      "regime_train_mean_baseline_mae": 0.9728333333333332,
      "agent_count_train_mean_baseline_mae": 0.9728333333333334,
      "num_tasks_held_out": 3,
      "feat_baseline_mae": 0.16514999999999988,
      "prior_model_mae": 0.3404999999999998,
      "regression_mae": 0.15875575165430084,
      "stump_mae": 0.7300000000000001,
      "actuals_mean": 2.91,
      "test_collapse_rate": 0.0075,
      "train_collapse_rate": 0.002,
      "regression_pi_coverage_95": 0.9175
    }
  ],
  "overall_baseline_mae": 0.7366998611111111,
  "overall_oracle_per_scenario_baseline_mae": 0.20217152777777772,
  "overall_admissible_per_scenario_train_mae": 0.7366998611111111,
  "overall_regime_train_mean_baseline_mae": 0.7366263888888889,
  "overall_agent_count_train_mean_baseline_mae": 0.7363050000000001,
  "overall_feat_baseline_mae": 0.38989333333333326,
  "overall_regression_mae": 0.5105308468608408,
  "overall_prior_model_mae": 0.4217638888888888,
  "overall_stump_mae": 1.3505194444444448,
  "admissible_baselines": {
    "global_mean_mae": 0.7366998611111111,
    "per_scenario_train_only_mae": 0.7366998611111111,
    "num_tasks_bucket_mae": 0.38989333333333326,
    "regime_train_mean_mae": 0.7366263888888889,
    "agent_count_train_mean_mae": 0.7363050000000001,
    "regression_mae": 0.5105308468608408,
    "stump_mae": 1.3505194444444448
  },
  "oracle_baselines": {
    "per_scenario_mean_including_test_mae": 0.20217152777777772
  },
  "regression_skipped_reason": null,
  "overall_collapse_rate": 0.0029166666666666664,
  "overall_baseline_mae_ci95_lower": 0.41967688732881187,
  "overall_baseline_mae_ci95_upper": 1.0537228348934102,
  "overall_feat_baseline_mae_ci95_lower": 0.03494471487622841,
  "overall_feat_baseline_mae_ci95_upper": 0.7448419517904381,
  "overall_regression_mae_ci95_lower": -0.006035467548411,
  "overall_regression_mae_ci95_upper": 1.0270971612700928,
  "mean_regression_pi_coverage_95": 0.7706944444444445,
  "scaling_fit": {
    "scaling_exponent": 1.0095802474446356,
    "scaling_r2": 0.6856735234110645,
    "n_used": 7200
  },
  "feature_ablation": [
    {
      "features": [
        "num_tasks"
      ],
      "mae": 0.2019
    },
    {
      "features": [
        "num_faults"
      ],
      "mae": 1.0949
    },
    {
      "features": [
        "num_tasks",
        "num_faults",
        "tool_density",
        "agent_count",
        "regime_id",
        "hierarchy_depth",
        "fan_out",
        "queue_contention_index",
        "shared_state_contention"
      ],
      "mae": 0.5105
    }
  ],
  "success_criteria_met": {
    "beat_global_mean_out_of_sample": true,
    "beat_feature_baseline_out_of_sample": false,
    "beat_regime_baseline_out_of_sample": true,
    "beat_agent_count_baseline_out_of_sample": true,
    "beat_oracle_per_scenario_baseline": false,
    "trigger_met": false,
    "negative_result": true,
    "regression_protocol_valid": true,
    "regression_missing_fold_labels": [],
    "legacy_beat_baseline_out_of_sample": true
  },
  "run_manifest": {
    "scenario_ids": [
      "lab_profile_v0",
      "regime_stress_v0",
      "regime_stress_v1",
      "rep_cps_scheduling_v0",
      "traffic_v0",
      "warehouse_v0"
    ],